<?xml version='1.0' encoding='utf-8'?>
<tomcat-users xmlns="http://tomcat.apache.org/xml"
              xmlns:xsi="http://www.w3.org/2001/XMLSchema-instance"
              xsi:schemaLocation="http://tomcat.apache.org/xml tomcat-users.xsd"
              version="1.0">
    <role rolename="admin"/>
    <role rolename="admin-gui"/>
    <role rolename="admin-script"/>
    <role rolename="manager-gui"/>
    <role rolename="manager-script"/>
    <role rolename="manager-jmx"/>
    <user username="tomcat1" password="tomcat1" roles="admin-gui,admin-script"/>
    <user username="tomcat" password="tomcat" roles="manager-gui,manager-script,manager-jmx" />
</tomcat-users>